feature,feature_family,n_paired_patients,median_PreHI,median_HI,median_delta_HI_minus_PreHI,median_percent_change,n_increase,n_decrease,n_no_change,dominant_direction,direction_consistency,wilcoxon_p,rank_biserial_effect_size,bootstrap_median_delta_ci_low,bootstrap_median_delta_ci_high,bootstrap_ci_excludes_zero,n_percent_change_unstable,abs_rank_biserial_effect_size
QRS_mean,ECG morphology and signal energy,20,0.13447805224999998,0.1513134615,0.01035768875,5.902619880128842,12,8,0,increase,0.6,0.023950576782226562,0.5714285714285714,-0.00083210074999995,0.02973898599999995,0,0,0.5714285714285714
HRV_pNN50,HRV,20,44.7382946925,30.966068794999998,-11.345795360000002,-21.29314522835047,7,13,0,decrease,0.65,0.026641845703125,-0.5619047619047619,-16.897239735000007,0.7701153574999999,0,0,0.5619047619047619
entropyProfiled_maximum_sampleEntropy,entropy-profile aggregate features,20,2.3825000000000003,2.3425000000000002,-0.2550000000000001,-14.036859378944719,5,13,2,decrease,0.65,0.034669963150986444,-0.5672514619883041,-0.615,0.0,0,0,0.5672514619883041
kurtosis,time-domain statistics,20,5.98,5.885,0.9924999999999997,24.6866023885912,15,5,0,increase,0.75,0.03623390197753906,0.5333333333333333,0.32749999999999996,1.9649999999999999,1,0,0.5333333333333333
HRV_MeanNN,HRV,20,626.025792225,642.4071739,20.759493749999933,3.9719993901506663,15,5,0,increase,0.75,0.05316925048828125,0.49523809523809526,1.6337561499999538,67.20964850000001,1,0,0.49523809523809526
fuzzyEntropy,entropy and complexity,20,0.22999999999999998,0.2375,-0.0199999999999999,-10.818713450292393,5,13,2,decrease,0.65,0.06399596863607887,-0.49707602339181284,-0.08,0.0,0,0,0.49707602339181284
sampleEntropy,entropy and complexity,20,0.2675,0.28500000000000003,-0.03499999999999995,-16.27536231884058,6,13,1,decrease,0.65,0.06406852503128298,-0.4842105263157895,-0.1024999999999999,0.0025,0,0,0.4842105263157895
fd_minimum,fractal-dimension summary features,20,0.01,0.01,0.0,0.0,2,7,11,no_change,0.55,0.06661636996862676,-0.6666666666666666,-0.00749999999999995,0.0,0,3,0.6666666666666666
fd_median,fractal-dimension summary features,20,2.9525,1.86,-0.16249999999999995,-5.47289481032351,7,13,0,decrease,0.65,0.08969497680664062,-0.4380952380952381,-0.6850000000000002,0.10500000000000005,0,0,0.4380952380952381
approximateEntropy,entropy and complexity,20,0.46499999999999997,0.41000000000000003,-0.032499999999999904,-6.874115983026867,7,11,2,decrease,0.55,0.09348671117483734,-0.4502923976608187,-0.13499999999999995,0.01,0,0,0.4502923976608187
entropyProfiled_standardDeviation_sampleEntropy,entropy-profile aggregate features,20,0.1325,0.14,-0.014999999999999951,-11.43790849673203,3,11,6,decrease,0.55,0.09586923269590825,-0.5047619047619047,-0.042499999999999996,0.0,0,0,0.5047619047619047
fd_mean,fractal-dimension summary features,20,7.952500000000001,7.12,-0.36500000000000044,-4.860165385789567,7,13,0,decrease,0.65,0.11398696899414062,-0.4095238095238095,-0.7424999999999997,0.1524999999999987,0,0,0.4095238095238095
entropyProfiled_total_sampleEntropy,entropy-profile aggregate features,20,66.0275,62.655,-3.2475000000000023,-4.286467584369452,9,11,0,decrease,0.55,0.14290618896484375,-0.38095238095238093,-9.6725,0.6225000000000023,0,0,0.38095238095238093
entropyProfiled_variance_sampleEntropy,entropy-profile aggregate features,20,0.02,0.02,0.0,0.0,2,8,10,no_change,0.5,0.1682533168062098,-0.4909090909090909,-0.01,0.0,0,0,0.4909090909090909
signal_energy,ECG morphology and signal energy,20,12857.312427500001,13373.7877625,174.67302500000005,1.2916864415971647,13,7,0,increase,0.65,0.1893482208251953,0.34285714285714286,-47.19377499999973,433.02237250000053,0,0,0.34285714285714286
katzFd,fractal and nonlinear dynamics,20,3.0275,2.9875,-0.052499999999999755,-1.6761991916418748,7,12,1,decrease,0.6,0.19087218824610042,-0.34210526315789475,-0.14250000000000004,0.0349999999999999,0,0,0.34210526315789475
entropyProfiled_skewness_sampleEntropy,entropy-profile aggregate features,20,8.7725,8.86,0.25999999999999973,2.987861066808435,12,8,0,increase,0.6,0.24548721313476562,0.3047619047619048,-0.1174999999999997,0.5949999999999989,0,0,0.3047619047619048
numberOfZeroCrossing,time-domain statistics,20,1357.75,1203.0,-53.75,-5.966183289795319,8,12,0,decrease,0.6,0.24548721313476562,-0.3047619047619048,-183.25,53.5,0,0,0.3047619047619048
maximum,time-domain statistics,20,0.5800000000000001,0.4825,-0.012499999999999949,-2.0865642182433337,7,12,1,decrease,0.6,0.2511340120662142,-0.3,-0.04749999999999995,0.007499999999999901,0,0,0.3
higuchiFd,fractal and nonlinear dynamics,20,1.4249999999999998,1.38,-0.00250000000000005,-0.20746887966805455,8,10,2,decrease,0.5,0.25722224868542654,-0.30409356725146197,-0.03249999999999995,0.01250000000000005,0,0,0.30409356725146197
R_amp_mean,ECG morphology and signal energy,20,-0.39074372574999994,-0.43037069399999994,-0.1883968202500001,-18.03383831429861,8,12,0,decrease,0.6,0.3117942810058594,-0.26666666666666666,-0.390889583,0.11884059225,0,0,0.26666666666666666
spectralEntropy,entropy and complexity,20,4.9399999999999995,4.8425,-0.05000000000000025,-0.9532545383405854,10,10,0,tie_or_mixed,0.5,0.3410214366810602,-0.24285714285714285,-0.28000000000000025,0.11499999999999974,0,0,0.24285714285714285
R_amp_std,ECG morphology and signal energy,20,0.8313570487499999,0.704156738,-0.052887883000000004,-6.841129505044634,9,11,0,decrease,0.55,0.4304332733154297,-0.20952380952380953,-0.20122458299999996,0.07742166724999995,0,0,0.20952380952380953
entropyProfiled_kurtosis_sampleEntropy,entropy-profile aggregate features,20,97.2525,99.465,3.5999999999999943,3.509987495778184,11,9,0,increase,0.55,0.4304332733154297,0.20952380952380953,-4.63000000000001,16.20499999999999,0,0,0.20952380952380953
singularValueDecompositionEntropy,entropy and complexity,20,1.13,1.1050000000000002,0.0,-0.07426516572858044,10,10,0,tie_or_mixed,0.5,0.46638844581066563,-0.18571428571428572,-0.057499999999999954,0.025,0,0,0.18571428571428572
lempelZivComplexity,entropy and complexity,20,2.0,2.0,0.0,0.0,5,6,9,no_change,0.45,0.4760334929424296,-0.24242424242424243,-0.75,0.0,0,0,0.24242424242424243
entropyProfiled_median_sampleEntropy,entropy-profile aggregate features,20,0.02,0.02,0.0,0.0,7,4,9,no_change,0.45,0.4973466588212234,0.22727272727272727,0.0,0.007499999999999949,0,2,0.22727272727272727
fisherInfo,fractal and nonlinear dynamics,20,0.5,0.4875,0.0,0.0,9,9,2,tie_or_mixed,0.45,0.4985342407499642,-0.18128654970760233,-0.0275,0.01,0,0,0.18128654970760233
hjorthMobility,fractal and nonlinear dynamics,20,0.485,0.45499999999999996,0.005,0.9090909090909098,10,9,1,increase,0.5,0.5062190413776009,-0.1736842105263158,-0.05499999999999995,0.025,0,0,0.1736842105263158
hjorthComplexity,entropy and complexity,20,1.83,1.845,-0.04749999999999995,-2.701060001944957,7,12,1,decrease,0.6,0.5458845697561467,-0.15789473684210525,-0.06,0.027500000000000052,0,0,0.15789473684210525
HRV_SDNN,HRV,20,48.6213296075,48.490025630000005,-1.6762685174999987,-4.035840949799637,9,11,0,decrease,0.55,0.5705966949462891,-0.1523809523809524,-15.0880950525,2.630836435000001,0,0,0.1523809523809524
renyiEntropy,entropy and complexity,20,-8.895,-8.92,0.05499999999999965,0.5846735652246157,11,8,1,increase,0.55,0.5731301472598336,0.14736842105263157,-0.12000000000000005,0.19000000000000034,0,0,0.14736842105263157
median,time-domain statistics,20,0.01,0.0,0.0,0.0,6,7,7,tie_or_mixed,0.35,0.5961126657233238,-0.16483516483516483,-0.01,0.00499999999999995,0,2,0.16483516483516483
HRV_RMSSD,HRV,20,77.07343222,73.3548031,0.445869794999993,0.8143534551644753,10,10,0,tie_or_mixed,0.5,0.6476554870605469,-0.12380952380952381,-23.241322977499998,3.6327494724999987,0,0,0.12380952380952381
minimum,time-domain statistics,20,-0.55,-0.6,0.005,0.4098360655737709,10,9,1,increase,0.5,0.6723162484711958,0.11052631578947368,-0.054999999999999896,0.03250000000000005,0,0,0.11052631578947368
entropyProfiled_average_sampleEntropy,entropy-profile aggregate features,20,0.05,0.05,0.0,0.0,5,5,10,no_change,0.5,0.7202301969573564,-0.12727272727272726,0.0,0.0,0,0,0.12727272727272726
fd_variance,fractal-dimension summary features,20,406.5925,405.44000000000005,-18.897500000000008,-4.053052354935056,8,12,0,decrease,0.6,0.7561664581298828,-0.08571428571428572,-68.84749999999998,34.454999999999984,0,0,0.08571428571428572
petrosianFd,fractal and nonlinear dynamics,20,1.02,1.02,0.0,0.0,4,4,12,no_change,0.6,0.763024600552995,0.1111111111111111,0.0,0.0,0,0,0.1111111111111111
distributionEntropy,entropy and complexity,20,0.83,0.83,0.0,0.0,7,9,4,decrease,0.45,0.7758498559997214,-0.08088235294117647,-0.0125,0.015,0,0,0.08088235294117647
skewness,time-domain statistics,20,-0.305,-0.21000000000000002,0.04249999999999995,3.6062779765137827,11,9,0,increase,0.55,0.7841262817382812,-0.0761904761904762,-0.31249999999999994,0.1949999999999999,0,0,0.0761904761904762
fd_standardDeviation,fractal-dimension summary features,20,20.135,20.137500000000003,-0.4800000000000004,-2.0578285025895173,8,12,0,decrease,0.6,0.8123550415039062,-0.06666666666666667,-1.4024999999999999,1.1599999999999984,0,0,0.06666666666666667
meanAbsoluteValue,time-domain statistics,20,0.12,0.11,-0.0099999999999999,-6.9047619047619015,8,11,1,decrease,0.55,0.8243083271555138,-0.05789473684210526,-0.01,0.01,0,0,0.05789473684210526
permutationEntropy,entropy and complexity,20,2.3725,2.3425000000000002,0.03,1.3797692990239587,12,7,1,increase,0.6,0.8405177356132087,-0.05263157894736842,-0.1074999999999999,0.05249999999999995,0,0,0.05263157894736842
variance,time-domain statistics,20,0.03,0.03,0.0,0.0,5,7,8,no_change,0.4,0.8442232365389633,-0.0641025641025641,-0.0099999999999999,0.0,0,2,0.0641025641025641
fd_maximum,fractal-dimension summary features,20,458.5475,450.5825,-5.707499999999981,-2.251785406046744,10,10,0,tie_or_mixed,0.5,0.8694877624511719,0.047619047619047616,-78.08249999999998,91.64750000000001,0,0,0.047619047619047616
standardDeviation,time-domain statistics,20,0.1775,0.18,0.0,0.0,7,7,6,tie_or_mixed,0.35,0.8751691459232763,0.047619047619047616,-0.0099999999999999,0.0075,0,0,0.047619047619047616
QRS_std,ECG morphology and signal energy,20,0.03713810025,0.03532675174999995,-0.0008651380000000026,-3.091835938943172,10,10,0,tie_or_mixed,0.5,0.8983173370361328,0.0380952380952381,-0.0042960915,0.0052235365,0,0,0.0380952380952381
fd_skewness,fractal-dimension summary features,20,9.6225,8.709999999999999,0.0225000000000002,-0.7523293371002038,10,10,0,tie_or_mixed,0.5,0.8983173370361328,0.0380952380952381,-1.2900000000000014,2.744999999999999,0,0,0.0380952380952381
detrendedFluctuation,fractal and nonlinear dynamics,20,0.515,0.5275000000000001,0.0,0.0,7,9,4,decrease,0.45,0.9176178742687193,-0.029411764705882353,-0.0349999999999999,0.0125,0,0,0.029411764705882353
positiveToNegativeSampleRatio,time-domain statistics,20,1.1075000000000002,1.0474999999999999,-0.005,-0.2196382428940571,10,10,0,tie_or_mixed,0.5,0.9256271491017656,0.023809523809523808,-0.13249999999999995,0.19499999999999995,0,0,0.023809523809523808
fd_kurtosis,fractal-dimension summary features,20,163.885,140.755,1.0350000000000001,-2.5340139675328666,10,10,0,tie_or_mixed,0.5,0.956329345703125,0.01904761904761905,-52.60500000000006,47.7325,0,0,0.01904761904761905
fd_bandPower,fractal-dimension summary features,20,0.0,0.0,0.0,,0,0,20,no_change,1.0,1.0,0.0,0.0,0.0,0,20,0.0
